sample_id,decision_id,expected,severity,kind,peer_evidence,correct,note
VN12,d1,label=traffic_sign x2 (biển tròn lớn cột phải + biển tròn đỏ nhỏ dưới gầm cầu),major,decision,traffic_sign [needs_review=false;relevant_to_ego=yes;sign_class=no_u_turn;sign_family=prohibitory] | traffic_sign [needs_review=true;relevant_to_ego=unknown;sign_class=no_entry;sign_family=prohibitory] | traffic_sign [needs_review=true;relevant_to_ego=unknown;sign_class=unknown;sign_family=prohibitory],0,"Peer vẽ 3 box thay vì 2: thêm 1 box thừa (~450-476;177-229) dưới gầm cầu — box này rơi vào vật tối, hình bầu dục xanh navy/đỏ sẫm gắn dưới dầm cầu, đặc điểm giống MẶT SAU BIỂN (chỉ thấy viền/mặt lưng, không đọc được hình) chứ không phải mặt trước biển trong scope. Guideline mục 5 đã ghi rõ 'Mặt sau biển... → IGNORE'. Đây là execution error (bỏ qua rule đã có sẵn), không phải guideline gap."
VN12,d2,biển tròn lớn ≈ (1162;61)-(1253;143): sign_family=prohibitory; sign_class=no_u_turn; relevant_to_ego=yes,critical,decision,traffic_sign [needs_review=false;relevant_to_ego=yes;sign_class=no_u_turn;sign_family=prohibitory] | traffic_sign [needs_review=true;relevant_to_ego=unknown;sign_class=no_entry;sign_family=prohibitory] | traffic_sign [needs_review=true;relevant_to_ego=unknown;sign_class=unknown;sign_family=prohibitory],1,"Box (1161;62)-(1268;167) khớp biển cấm quay đầu lớn, class/family/relevance đúng."
VN12,d3,biển nhỏ ≈ (570;232)-(578;249) dưới gầm cầu bên trái: sign_family=prohibitory; sign_class=no_entry hoặc unknown đều đúng; relevant_to_ego không chấm,major,decision,traffic_sign [needs_review=false;relevant_to_ego=yes;sign_class=no_u_turn;sign_family=prohibitory] | traffic_sign [needs_review=true;relevant_to_ego=unknown;sign_class=no_entry;sign_family=prohibitory] | traffic_sign [needs_review=true;relevant_to_ego=unknown;sign_class=unknown;sign_family=prohibitory],1,"Box (566;230)-(581;252) khớp vị trí biển nhỏ dưới gầm cầu, sign_class=no_entry nằm trong tập chấp nhận (no_entry hoặc unknown); relevance không chấm nên bỏ qua giá trị yes/unknown peer chọn."
VN12,d4,geometry: box biển cấm quay đầu ôm vành đỏ; không gồm cột sọc đỏ-trắng,minor,geometry,traffic_sign [needs_review=false;relevant_to_ego=yes;sign_class=no_u_turn;sign_family=prohibitory] | traffic_sign [needs_review=true;relevant_to_ego=unknown;sign_class=no_entry;sign_family=prohibitory] | traffic_sign [needs_review=true;relevant_to_ego=unknown;sign_class=unknown;sign_family=prohibitory],1,"Geometry: box ôm sát vành đỏ biển cấm quay đầu, không lấn cột sọc đỏ-trắng — đạt tolerance."
VN15,d1,geometry: 1 box ôm cả tấm ZONE ≈ (931;97)-(1020;247); không chỉ biển tròn bên trong,major,geometry,traffic_sign [needs_review=false;relevant_to_ego=yes;sign_class=end_of_prohibition;sign_family=prohibitory],1,"Geometry: 1 box (934;98)-(1021;249) ôm trọn cả tấm ZONE (không chỉ vòng tròn bên trong), sai lệch cạnh trong ngưỡng cho phép."
VN15,d2,tấm ZONE: sign_family=prohibitory; sign_class=end_of_prohibition; relevant_to_ego=yes,major,decision,traffic_sign [needs_review=false;relevant_to_ego=yes;sign_class=end_of_prohibition;sign_family=prohibitory],1,"Box khớp vị trí tấm ZONE, sign_family=prohibitory/sign_class=end_of_prohibition/relevant_to_ego=yes đúng như gold."
VN13,d1,label=traffic_sign; sign_family=mandatory; sign_class=keep_left; relevant_to_ego=yes (biển tròn xanh mũi tên chỉ sang trái trên rào công trường),critical,decision,traffic_sign [needs_review=false;relevant_to_ego=yes;sign_class=danger_construction;sign_family=danger] | traffic_sign [needs_review=false;relevant_to_ego=yes;sign_class=danger_road;sign_family=danger] | traffic_sign [needs_review=false;relevant_to_ego=yes;sign_class=danger_slow;sign_family=danger] | traffic_sign [needs_review=false;relevant_to_ego=yes;sign_class=keep_left;sign_family=mandatory] | traffic_sign [needs_review=false;relevant_to_ego=yes;sign_class=keep_right;sign_family=mandatory] | traffic_sign [needs_review=false;relevant_to_ego=yes;sign_class=no_entry;sign_family=prohibitory] | traffic_sign [needs_review=true;relevant_to_ego=unknown;sign_class=unknown;sign_family=prohibitory],1,Box (1163;373)-(1238;440) khớp biển tròn xanh mũi tên trái trên rào công trường: mandatory/keep_left/yes đúng.
VN13,d2,label=traffic_sign; sign_family=prohibitory; sign_class=no_entry; relevant_to_ego=yes (biển tròn đỏ vạch trắng cấm đi ngược chiều ở cột gantry dải phân cách bên trái),critical,decision,traffic_sign [needs_review=false;relevant_to_ego=yes;sign_class=danger_construction;sign_family=danger] | traffic_sign [needs_review=false;relevant_to_ego=yes;sign_class=danger_road;sign_family=danger] | traffic_sign [needs_review=false;relevant_to_ego=yes;sign_class=danger_slow;sign_family=danger] | traffic_sign [needs_review=false;relevant_to_ego=yes;sign_class=keep_left;sign_family=mandatory] | traffic_sign [needs_review=false;relevant_to_ego=yes;sign_class=keep_right;sign_family=mandatory] | traffic_sign [needs_review=false;relevant_to_ego=yes;sign_class=no_entry;sign_family=prohibitory] | traffic_sign [needs_review=true;relevant_to_ego=unknown;sign_class=unknown;sign_family=prohibitory],1,Box (522;183)-(537;198) khớp biển cấm ngược chiều ở cột gantry trái: prohibitory/no_entry/yes đúng.
VN13,d3,label=traffic_sign x3 cho 3 biển tam giác trên rào (danger_road đường hẹp; danger_construction công trường; danger_slow đi chậm); relevant_to_ego=yes,major,decision,traffic_sign [needs_review=false;relevant_to_ego=yes;sign_class=danger_construction;sign_family=danger] | traffic_sign [needs_review=false;relevant_to_ego=yes;sign_class=danger_road;sign_family=danger] | traffic_sign [needs_review=false;relevant_to_ego=yes;sign_class=danger_slow;sign_family=danger] | traffic_sign [needs_review=false;relevant_to_ego=yes;sign_class=keep_left;sign_family=mandatory] | traffic_sign [needs_review=false;relevant_to_ego=yes;sign_class=keep_right;sign_family=mandatory] | traffic_sign [needs_review=false;relevant_to_ego=yes;sign_class=no_entry;sign_family=prohibitory] | traffic_sign [needs_review=true;relevant_to_ego=unknown;sign_class=unknown;sign_family=prohibitory],1,"3 box riêng (899...không, đây là VN13) (1230;394)-(1307;455), (1312;404)-(1389;465), (1396;415)-(1481;480) khớp 3 tam giác danger_road/danger_construction/danger_slow, đều relevant_to_ego=yes."
VN13,d4,label=traffic_sign; sign_family=mandatory; sign_class=keep_right; relevant_to_ego=yes (biển tròn xanh mũi tên đi vòng bên phải dưới biển cấm đi ngược chiều ở cột gantry trái),major,decision,traffic_sign [needs_review=false;relevant_to_ego=yes;sign_class=danger_construction;sign_family=danger] | traffic_sign [needs_review=false;relevant_to_ego=yes;sign_class=danger_road;sign_family=danger] | traffic_sign [needs_review=false;relevant_to_ego=yes;sign_class=danger_slow;sign_family=danger] | traffic_sign [needs_review=false;relevant_to_ego=yes;sign_class=keep_left;sign_family=mandatory] | traffic_sign [needs_review=false;relevant_to_ego=yes;sign_class=keep_right;sign_family=mandatory] | traffic_sign [needs_review=false;relevant_to_ego=yes;sign_class=no_entry;sign_family=prohibitory] | traffic_sign [needs_review=true;relevant_to_ego=unknown;sign_class=unknown;sign_family=prohibitory],1,Box (522;199)-(537;215) ngay dưới biển no_entry cùng cột gantry: mandatory/keep_right/yes đúng.
VN13,d5,IGNORE: không có box trên bảng THÔNG TIN DỰ ÁN lớn màu xanh tím và bảng chữ nhật CÔNG TRƯỜNG ĐANG THI CÔNG trên rào,major,decision,traffic_sign [needs_review=false;relevant_to_ego=yes;sign_class=danger_construction;sign_family=danger] | traffic_sign [needs_review=false;relevant_to_ego=yes;sign_class=danger_road;sign_family=danger] | traffic_sign [needs_review=false;relevant_to_ego=yes;sign_class=danger_slow;sign_family=danger] | traffic_sign [needs_review=false;relevant_to_ego=yes;sign_class=keep_left;sign_family=mandatory] | traffic_sign [needs_review=false;relevant_to_ego=yes;sign_class=keep_right;sign_family=mandatory] | traffic_sign [needs_review=false;relevant_to_ego=yes;sign_class=no_entry;sign_family=prohibitory] | traffic_sign [needs_review=true;relevant_to_ego=unknown;sign_class=unknown;sign_family=prohibitory],1,Không có box nào trên bảng THÔNG TIN DỰ ÁN và bảng CÔNG TRƯỜNG ĐANG THI CÔNG — đúng IGNORE.
VN13,d6,IGNORE: không có box trên khung giá long môn; cột thép; đèn tín hiệu giao thông; rào chắn sọc đỏ trắng,minor,decision,traffic_sign [needs_review=false;relevant_to_ego=yes;sign_class=danger_construction;sign_family=danger] | traffic_sign [needs_review=false;relevant_to_ego=yes;sign_class=danger_road;sign_family=danger] | traffic_sign [needs_review=false;relevant_to_ego=yes;sign_class=danger_slow;sign_family=danger] | traffic_sign [needs_review=false;relevant_to_ego=yes;sign_class=keep_left;sign_family=mandatory] | traffic_sign [needs_review=false;relevant_to_ego=yes;sign_class=keep_right;sign_family=mandatory] | traffic_sign [needs_review=false;relevant_to_ego=yes;sign_class=no_entry;sign_family=prohibitory] | traffic_sign [needs_review=true;relevant_to_ego=unknown;sign_class=unknown;sign_family=prohibitory],1,Không có box trên khung giá long môn/cột thép/đèn tín hiệu/rào chắn — đúng IGNORE.
VN13,d7,biển tròn đỏ xa ≈ (789;206)-(802;218) cao ~13 px trên mép rào tôn: nếu vẽ thì sign_family=prohibitory; sign_class=unknown; relevant_to_ego bất kỳ giá trị hợp lệ. Không vẽ cũng chấm đúng (sát ngưỡng 12 px). Sai chỉ khi vẽ mà family khác prohibitory. Biển sát bên ≈ (776;207)-(786;217) cao ~10 px phải KHÔNG có box,minor,decision,traffic_sign [needs_review=false;relevant_to_ego=yes;sign_class=danger_construction;sign_family=danger] | traffic_sign [needs_review=false;relevant_to_ego=yes;sign_class=danger_road;sign_family=danger] | traffic_sign [needs_review=false;relevant_to_ego=yes;sign_class=danger_slow;sign_family=danger] | traffic_sign [needs_review=false;relevant_to_ego=yes;sign_class=keep_left;sign_family=mandatory] | traffic_sign [needs_review=false;relevant_to_ego=yes;sign_class=keep_right;sign_family=mandatory] | traffic_sign [needs_review=false;relevant_to_ego=yes;sign_class=no_entry;sign_family=prohibitory] | traffic_sign [needs_review=true;relevant_to_ego=unknown;sign_class=unknown;sign_family=prohibitory],1,"Peer vẽ box (789;206)-(802;218) ~ đúng vị trí biển sát ngưỡng 12px, gán prohibitory (family đúng yêu cầu); không vẽ box cho biển 10px sát bên — đúng cả hai vế của quyết định."
VN13,d8,geometry: box ôm sát từng mặt biển riêng lẻ (4 box riêng trên rào công trường; 2 box riêng ở cột gantry); không gồm giá rào/cột; cạnh lệch <= 10%,minor,geometry,traffic_sign [needs_review=false;relevant_to_ego=yes;sign_class=danger_construction;sign_family=danger] | traffic_sign [needs_review=false;relevant_to_ego=yes;sign_class=danger_road;sign_family=danger] | traffic_sign [needs_review=false;relevant_to_ego=yes;sign_class=danger_slow;sign_family=danger] | traffic_sign [needs_review=false;relevant_to_ego=yes;sign_class=keep_left;sign_family=mandatory] | traffic_sign [needs_review=false;relevant_to_ego=yes;sign_class=keep_right;sign_family=mandatory] | traffic_sign [needs_review=false;relevant_to_ego=yes;sign_class=no_entry;sign_family=prohibitory] | traffic_sign [needs_review=true;relevant_to_ego=unknown;sign_class=unknown;sign_family=prohibitory],1,"Geometry: 6 box tách riêng từng mặt biển (3 tam giác + mũi tên rào công trường, no_entry + keep_right cột gantry), không trùm cột/giá rào, sai lệch cạnh trong ngưỡng 10%."
VN16,d1,label=traffic_sign: bắt buộc ≥ 3 box tại (335-357;465-482) (597-618;381-403) (736-761;470-486); biển (850-860;485-497) cao ~12 px sát ngưỡng nên vẽ hay không vẽ đều đúng (đã vẽ thì phải prohibitory theo d5),major,decision,traffic_sign [needs_review=false;relevant_to_ego=yes;sign_class=height_limit;sign_family=prohibitory] | traffic_sign [needs_review=true;relevant_to_ego=unknown;sign_class=no_car;sign_family=prohibitory] | traffic_sign [needs_review=true;relevant_to_ego=unknown;sign_class=supplementary_plate;sign_family=supplementary] | traffic_sign [needs_review=true;relevant_to_ego=unknown;sign_class=unknown;sign_family=prohibitory],0,"Chỉ có 1/3 vị trí bắt buộc được box đúng (height_limit 597-618;381-403). Vị trí (335-357;465-482) và (736-761;470-486) bị bỏ sót hoàn toàn; 2 box peer vẽ gần (335-357) thực ra rơi vào 2 đèn tín hiệu giao thông (đèn xanh) chứ không phải biển no_car thật (biển thật nằm lệch trái, ngoài box). Không đạt yêu cầu 'bắt buộc ≥ 3 box'."
VN16,d2,biển tròn viền đỏ tại (335-357;465-482) cột **bên trái** dưới gầm cầu (kèm tấm phụ < 12 px không cần vẽ): sign_family=prohibitory; sign_class=no_car hoặc prohibitory_other hoặc unknown đều đúng; relevant_to_ego=unknown và needs_review=true,major,decision,traffic_sign [needs_review=false;relevant_to_ego=yes;sign_class=height_limit;sign_family=prohibitory] | traffic_sign [needs_review=true;relevant_to_ego=unknown;sign_class=no_car;sign_family=prohibitory] | traffic_sign [needs_review=true;relevant_to_ego=unknown;sign_class=supplementary_plate;sign_family=supplementary] | traffic_sign [needs_review=true;relevant_to_ego=unknown;sign_class=unknown;sign_family=prohibitory],0,"Biển no_car thật ở (335-357;465-482) không có box (đã kiểm ảnh tăng sáng: biển tròn viền đỏ + tấm phụ trắng nằm ngay bên trái, ngoài box peer). 2 box peer vẽ (369-398;459-488 và 366-401;488-501) đè lên đèn tín hiệu giao thông phía sau — nhầm hạ tầng (đèn giao thông, mục 5 IGNORE) thành biển báo. Sai vị trí + sai đối tượng."
VN16,d3,biển tại (597-618;381-403) gắn dưới dầm cầu vượt ngay trên làn ego: sign_family=prohibitory; sign_class=height_limit hoặc unknown đều đúng; relevant_to_ego=yes (phần critical),critical,decision,traffic_sign [needs_review=false;relevant_to_ego=yes;sign_class=height_limit;sign_family=prohibitory] | traffic_sign [needs_review=true;relevant_to_ego=unknown;sign_class=no_car;sign_family=prohibitory] | traffic_sign [needs_review=true;relevant_to_ego=unknown;sign_class=supplementary_plate;sign_family=supplementary] | traffic_sign [needs_review=true;relevant_to_ego=unknown;sign_class=unknown;sign_family=prohibitory],1,Box (598;378)-(623;402) khớp sát biển height_limit dưới dầm cầu: prohibitory/height_limit/yes đúng — quyết định critical duy nhất của ảnh này được peer làm đúng.
VN16,d4,tấm xanh tại (736-761;470-486) trên cột cạnh đèn tín hiệu: sign_family=informative; sign_class=unknown; relevant_to_ego=yes hoặc (unknown + needs_review=true) đều đúng,major,decision,traffic_sign [needs_review=false;relevant_to_ego=yes;sign_class=height_limit;sign_family=prohibitory] | traffic_sign [needs_review=true;relevant_to_ego=unknown;sign_class=no_car;sign_family=prohibitory] | traffic_sign [needs_review=true;relevant_to_ego=unknown;sign_class=supplementary_plate;sign_family=supplementary] | traffic_sign [needs_review=true;relevant_to_ego=unknown;sign_class=unknown;sign_family=prohibitory],0,Không có box nào tại (736-761;470-486) — đã xác nhận trên ảnh có tấm biển xanh đứng cạnh đèn tín hiệu bên kia giao lộ đúng toạ độ gold nhưng peer bỏ sót hoàn toàn.
VN16,d5,sign_family=prohibitory; sign_class=unknown; relevant_to_ego=yes (biển tại 850-860;485-497 xa và mờ; viền đỏ tròn chứ không phải hình vuông xanh),major,decision,traffic_sign [needs_review=false;relevant_to_ego=yes;sign_class=height_limit;sign_family=prohibitory] | traffic_sign [needs_review=true;relevant_to_ego=unknown;sign_class=no_car;sign_family=prohibitory] | traffic_sign [needs_review=true;relevant_to_ego=unknown;sign_class=supplementary_plate;sign_family=supplementary] | traffic_sign [needs_review=true;relevant_to_ego=unknown;sign_class=unknown;sign_family=prohibitory],0,"Box (844;476)-(869;500) đúng vị trí và đúng sign_family=prohibitory/sign_class=unknown, nhưng relevant_to_ego peer gán 'unknown' (+needs_review) trong khi gold yêu cầu 'yes' dứt khoát — không đạt do relevance sai."
VN16,d6,geometry: box biển height_limit (597-618;381-403) chỉ ôm mặt biển tròn không gồm dầm cầu vượt phía sau; cạnh lệch <= 2px vì biển cao < 30px,minor,geometry,traffic_sign [needs_review=false;relevant_to_ego=yes;sign_class=height_limit;sign_family=prohibitory] | traffic_sign [needs_review=true;relevant_to_ego=unknown;sign_class=no_car;sign_family=prohibitory] | traffic_sign [needs_review=true;relevant_to_ego=unknown;sign_class=supplementary_plate;sign_family=supplementary] | traffic_sign [needs_review=true;relevant_to_ego=unknown;sign_class=unknown;sign_family=prohibitory],1,"Geometry: box height_limit ôm sát mặt biển tròn, không lấn dầm cầu phía sau, sai lệch trong ngưỡng ≤2px cho biển nhỏ."
VN14,d1,label=traffic_sign x7 (đầu dải phân cách trái: cấm ngược chiều + đi vòng phải; rào giữa đường: tam giác hẹp + tròn xanh mũi tên trái + tam giác ĐI CHẬM; rào làn phải: đường cấm + tam giác công trường),major,decision,traffic_sign [needs_review=false;relevant_to_ego=yes;sign_class=danger_construction;sign_family=danger] | traffic_sign [needs_review=false;relevant_to_ego=yes;sign_class=danger_road;sign_family=danger] | traffic_sign [needs_review=false;relevant_to_ego=yes;sign_class=danger_slow;sign_family=danger] | traffic_sign [needs_review=false;relevant_to_ego=yes;sign_class=keep_left;sign_family=mandatory] | traffic_sign [needs_review=false;relevant_to_ego=yes;sign_class=keep_right;sign_family=mandatory] | traffic_sign [needs_review=false;relevant_to_ego=yes;sign_class=no_entry;sign_family=prohibitory] | traffic_sign [needs_review=false;relevant_to_ego=yes;sign_class=road_closed;sign_family=prohibitory],1,"Đủ 7 box cho 7 biển yêu cầu (2 ở đầu dải phân cách trái, 3 ở rào giữa, 2 ở rào làn phải), đúng số lượng."
VN14,d2,đường cấm trên rào làn phải (≈1357–1452;368–438): sign_family=prohibitory; sign_class=road_closed; relevant_to_ego=yes,critical,decision,traffic_sign [needs_review=false;relevant_to_ego=yes;sign_class=danger_construction;sign_family=danger] | traffic_sign [needs_review=false;relevant_to_ego=yes;sign_class=danger_road;sign_family=danger] | traffic_sign [needs_review=false;relevant_to_ego=yes;sign_class=danger_slow;sign_family=danger] | traffic_sign [needs_review=false;relevant_to_ego=yes;sign_class=keep_left;sign_family=mandatory] | traffic_sign [needs_review=false;relevant_to_ego=yes;sign_class=keep_right;sign_family=mandatory] | traffic_sign [needs_review=false;relevant_to_ego=yes;sign_class=no_entry;sign_family=prohibitory] | traffic_sign [needs_review=false;relevant_to_ego=yes;sign_class=road_closed;sign_family=prohibitory],1,Box (1357;365)-(1440;432) khớp sát đường cấm trên rào làn phải: prohibitory/road_closed/yes đúng.
VN14,d3,tròn xanh mũi tên ngang chỉ sang trái giữa rào (≈970–1021;323–375): sign_family=mandatory; sign_class=keep_left; relevant_to_ego=yes,critical,decision,traffic_sign [needs_review=false;relevant_to_ego=yes;sign_class=danger_construction;sign_family=danger] | traffic_sign [needs_review=false;relevant_to_ego=yes;sign_class=danger_road;sign_family=danger] | traffic_sign [needs_review=false;relevant_to_ego=yes;sign_class=danger_slow;sign_family=danger] | traffic_sign [needs_review=false;relevant_to_ego=yes;sign_class=keep_left;sign_family=mandatory] | traffic_sign [needs_review=false;relevant_to_ego=yes;sign_class=keep_right;sign_family=mandatory] | traffic_sign [needs_review=false;relevant_to_ego=yes;sign_class=no_entry;sign_family=prohibitory] | traffic_sign [needs_review=false;relevant_to_ego=yes;sign_class=road_closed;sign_family=prohibitory],1,"Box (943;315)-(1002;375) chứa phần lớn (~75% diện tích) vòng tròn xanh mũi tên trái, class/family/relevance đúng (mandatory/keep_left/yes) — quyết định critical đạt, dù box hơi rộng lấn sang tam giác 'hẹp' bên trái (ghi nhận cho tiêu chí geometry-compliance, không đổi kết quả decision)."
VN14,d4,cấm đi ngược chiều ở đầu dải phân cách trái (≈556–587;161–191): sign_family=prohibitory; sign_class=no_entry; relevant_to_ego=yes; needs_review=false,critical,decision,traffic_sign [needs_review=false;relevant_to_ego=yes;sign_class=danger_construction;sign_family=danger] | traffic_sign [needs_review=false;relevant_to_ego=yes;sign_class=danger_road;sign_family=danger] | traffic_sign [needs_review=false;relevant_to_ego=yes;sign_class=danger_slow;sign_family=danger] | traffic_sign [needs_review=false;relevant_to_ego=yes;sign_class=keep_left;sign_family=mandatory] | traffic_sign [needs_review=false;relevant_to_ego=yes;sign_class=keep_right;sign_family=mandatory] | traffic_sign [needs_review=false;relevant_to_ego=yes;sign_class=no_entry;sign_family=prohibitory] | traffic_sign [needs_review=false;relevant_to_ego=yes;sign_class=road_closed;sign_family=prohibitory],1,Box (554;158)-(590;191) khớp sát biển cấm ngược chiều đầu dải phân cách trái: prohibitory/no_entry/yes/needs_review=false đúng hoàn toàn.
VN14,d5,tròn xanh mũi tên chéo xuống phải dưới biển cấm ngược chiều (≈558–589;192–221): sign_family=mandatory; sign_class=keep_right; relevant_to_ego=yes,critical,decision,traffic_sign [needs_review=false;relevant_to_ego=yes;sign_class=danger_construction;sign_family=danger] | traffic_sign [needs_review=false;relevant_to_ego=yes;sign_class=danger_road;sign_family=danger] | traffic_sign [needs_review=false;relevant_to_ego=yes;sign_class=danger_slow;sign_family=danger] | traffic_sign [needs_review=false;relevant_to_ego=yes;sign_class=keep_left;sign_family=mandatory] | traffic_sign [needs_review=false;relevant_to_ego=yes;sign_class=keep_right;sign_family=mandatory] | traffic_sign [needs_review=false;relevant_to_ego=yes;sign_class=no_entry;sign_family=prohibitory] | traffic_sign [needs_review=false;relevant_to_ego=yes;sign_class=road_closed;sign_family=prohibitory],1,Box (557;191)-(594;226) khớp sát vòng tròn xanh mũi tên chéo phải ngay dưới biển cấm ngược chiều: mandatory/keep_right/yes đúng.
VN14,d6,tam giác vàng hai vạch đứng trên rào giữa (≈929–975;319–361): sign_family=danger; sign_class=danger_road; relevant_to_ego=yes,major,decision,traffic_sign [needs_review=false;relevant_to_ego=yes;sign_class=danger_construction;sign_family=danger] | traffic_sign [needs_review=false;relevant_to_ego=yes;sign_class=danger_road;sign_family=danger] | traffic_sign [needs_review=false;relevant_to_ego=yes;sign_class=danger_slow;sign_family=danger] | traffic_sign [needs_review=false;relevant_to_ego=yes;sign_class=keep_left;sign_family=mandatory] | traffic_sign [needs_review=false;relevant_to_ego=yes;sign_class=keep_right;sign_family=mandatory] | traffic_sign [needs_review=false;relevant_to_ego=yes;sign_class=no_entry;sign_family=prohibitory] | traffic_sign [needs_review=false;relevant_to_ego=yes;sign_class=road_closed;sign_family=prohibitory],0,"Box (899;318)-(944;367) đặt lệch trái, chỉ chạm rìa tam giác 'hẹp' (danger_road) thật — ước lượng &lt;35% diện tích box nằm trên biển, phần lớn box nằm trên mặt đường/dây băng trống. Box không thực sự bao biển nên tính là bỏ lỡ vị trí dù nhãn class trùng ngẫu nhiên theo thứ tự; execution error khi kéo box, lệch vượt xa ngưỡng ≤10%."
VN14,d7,tam giác vàng chữ ĐI CHẬM (≈1007–1058;327–372): sign_family=danger; sign_class=danger_slow; relevant_to_ego=yes,major,decision,traffic_sign [needs_review=false;relevant_to_ego=yes;sign_class=danger_construction;sign_family=danger] | traffic_sign [needs_review=false;relevant_to_ego=yes;sign_class=danger_road;sign_family=danger] | traffic_sign [needs_review=false;relevant_to_ego=yes;sign_class=danger_slow;sign_family=danger] | traffic_sign [needs_review=false;relevant_to_ego=yes;sign_class=keep_left;sign_family=mandatory] | traffic_sign [needs_review=false;relevant_to_ego=yes;sign_class=keep_right;sign_family=mandatory] | traffic_sign [needs_review=false;relevant_to_ego=yes;sign_class=no_entry;sign_family=prohibitory] | traffic_sign [needs_review=false;relevant_to_ego=yes;sign_class=road_closed;sign_family=prohibitory],1,"Box (998;318)-(1058;369) bao trọn phần lớn tam giác 'ĐI CHẬM' (chỉ lấn nhẹ sang vòng tròn bên trái), class danger_slow/yes đúng."
VN14,d8,tam giác vàng người xúc đất trên rào làn phải (≈1463–1562;387–457): sign_family=danger; sign_class=danger_construction; relevant_to_ego=yes,major,decision,traffic_sign [needs_review=false;relevant_to_ego=yes;sign_class=danger_construction;sign_family=danger] | traffic_sign [needs_review=false;relevant_to_ego=yes;sign_class=danger_road;sign_family=danger] | traffic_sign [needs_review=false;relevant_to_ego=yes;sign_class=danger_slow;sign_family=danger] | traffic_sign [needs_review=false;relevant_to_ego=yes;sign_class=keep_left;sign_family=mandatory] | traffic_sign [needs_review=false;relevant_to_ego=yes;sign_class=keep_right;sign_family=mandatory] | traffic_sign [needs_review=false;relevant_to_ego=yes;sign_class=no_entry;sign_family=prohibitory] | traffic_sign [needs_review=false;relevant_to_ego=yes;sign_class=road_closed;sign_family=prohibitory],0,"Box (1440;383)-(1521;447) chỉ phủ ~50% tam giác công trường thật (≈1463-1562;387-457), phần còn lại box nằm trên khung rào/nền phía sau — lệch vượt xa ngưỡng geometry dù class danger_construction/yes đúng theo thứ tự; execution error khi kéo box."
VN14,d9,IGNORE: không có box trên rào sắt / dây rào đỏ-trắng / cọc tiêu đỏ; tấm tối ở lề trái xa (≈368–378;193–206 nhiều khả năng mặt sau biển) và bảng tím thấp ở lề phải xa (≈815–829;229–242): không box là đúng; nếu có box thì phải needs_review=true (mức D) mới tính đúng,minor,decision,traffic_sign [needs_review=false;relevant_to_ego=yes;sign_class=danger_construction;sign_family=danger] | traffic_sign [needs_review=false;relevant_to_ego=yes;sign_class=danger_road;sign_family=danger] | traffic_sign [needs_review=false;relevant_to_ego=yes;sign_class=danger_slow;sign_family=danger] | traffic_sign [needs_review=false;relevant_to_ego=yes;sign_class=keep_left;sign_family=mandatory] | traffic_sign [needs_review=false;relevant_to_ego=yes;sign_class=keep_right;sign_family=mandatory] | traffic_sign [needs_review=false;relevant_to_ego=yes;sign_class=no_entry;sign_family=prohibitory] | traffic_sign [needs_review=false;relevant_to_ego=yes;sign_class=road_closed;sign_family=prohibitory],1,Không có box thừa trên rào sắt/dây rào/cọc tiêu hay 2 tấm tối xa lề trái-phải — đúng IGNORE.
VN14,d10,geometry: box đường cấm ôm trọn vòng tròn gồm viền đỏ; không gồm khung rào sắt và chân rào; dây rào vắt qua mặt biển không làm thu nhỏ box; mỗi cạnh lệch ≤ 10 % chiều cao biển,minor,geometry,traffic_sign [needs_review=false;relevant_to_ego=yes;sign_class=danger_construction;sign_family=danger] | traffic_sign [needs_review=false;relevant_to_ego=yes;sign_class=danger_road;sign_family=danger] | traffic_sign [needs_review=false;relevant_to_ego=yes;sign_class=danger_slow;sign_family=danger] | traffic_sign [needs_review=false;relevant_to_ego=yes;sign_class=keep_left;sign_family=mandatory] | traffic_sign [needs_review=false;relevant_to_ego=yes;sign_class=keep_right;sign_family=mandatory] | traffic_sign [needs_review=false;relevant_to_ego=yes;sign_class=no_entry;sign_family=prohibitory] | traffic_sign [needs_review=false;relevant_to_ego=yes;sign_class=road_closed;sign_family=prohibitory],1,"Geometry: box đường cấm (1357;365)-(1440;432) ôm sát viền đỏ, không lấn khung rào/chân rào, sai lệch trong ngưỡng 10%."
VN14,d11,needs_review=false trên cả 7 box; ảnh không có tag no_target_sign và không có tag image_escalate,minor,decision,traffic_sign [needs_review=false;relevant_to_ego=yes;sign_class=danger_construction;sign_family=danger] | traffic_sign [needs_review=false;relevant_to_ego=yes;sign_class=danger_road;sign_family=danger] | traffic_sign [needs_review=false;relevant_to_ego=yes;sign_class=danger_slow;sign_family=danger] | traffic_sign [needs_review=false;relevant_to_ego=yes;sign_class=keep_left;sign_family=mandatory] | traffic_sign [needs_review=false;relevant_to_ego=yes;sign_class=keep_right;sign_family=mandatory] | traffic_sign [needs_review=false;relevant_to_ego=yes;sign_class=no_entry;sign_family=prohibitory] | traffic_sign [needs_review=false;relevant_to_ego=yes;sign_class=road_closed;sign_family=prohibitory],1,Cả 7 box đều needs_review=false; ảnh không có tag no_target_sign/image_escalate — đúng yêu cầu.
